{
  "hash": "10e29cda",
  "configHash": "35c7d7a1",
  "lockfileHash": "ea0cdb0f",
  "browserHash": "8d9ec609",
  "optimized": {
    "@angular/common": {
      "src": "../../../../../node_modules/@angular/common/fesm2022/common.mjs",
      "file": "@angular_common.js",
      "fileHash": "c8a688d9",
      "needsInterop": false
    },
    "@angular/common/http": {
      "src": "../../../../../node_modules/@angular/common/fesm2022/http.mjs",
      "file": "@angular_common_http.js",
      "fileHash": "c65ce413",
      "needsInterop": false
    },
    "@angular/core": {
      "src": "../../../../../node_modules/@angular/core/fesm2022/core.mjs",
      "file": "@angular_core.js",
      "fileHash": "535e4eb3",
      "needsInterop": false
    },
    "@angular/forms": {
      "src": "../../../../../node_modules/@angular/forms/fesm2022/forms.mjs",
      "file": "@angular_forms.js",
      "fileHash": "b3a2d7a1",
      "needsInterop": false
    },
    "@angular/platform-browser": {
      "src": "../../../../../node_modules/@angular/platform-browser/fesm2022/platform-browser.mjs",
      "file": "@angular_platform-browser.js",
      "fileHash": "2b5ba39c",
      "needsInterop": false
    },
    "@angular/router": {
      "src": "../../../../../node_modules/@angular/router/fesm2022/router.mjs",
      "file": "@angular_router.js",
      "fileHash": "4611701e",
      "needsInterop": false
    },
    "rxjs": {
      "src": "../../../../../node_modules/rxjs/dist/esm5/index.js",
      "file": "rxjs.js",
      "fileHash": "e37402d9",
      "needsInterop": false
    },
    "uuid": {
      "src": "../../../../../node_modules/uuid/dist/esm-browser/index.js",
      "file": "uuid.js",
      "fileHash": "acb89443",
      "needsInterop": false
    }
  },
  "chunks": {
    "chunk-GXBSKQQB": {
      "file": "chunk-GXBSKQQB.js"
    },
    "chunk-IJDVPSPJ": {
      "file": "chunk-IJDVPSPJ.js"
    },
    "chunk-U426TETJ": {
      "file": "chunk-U426TETJ.js"
    },
    "chunk-OCQQPHNC": {
      "file": "chunk-OCQQPHNC.js"
    },
    "chunk-FDESMX7I": {
      "file": "chunk-FDESMX7I.js"
    },
    "chunk-WDMUDEB6": {
      "file": "chunk-WDMUDEB6.js"
    }
  }
}